{
    "total_runtime": 22.682332277297974,
    "num_documents": 43,
    "input_load_time": 0,
    "workflows": {
        "create_base_text_units": {
            "overall": 0.7018208503723145,
            "0_orderby": 0.0036749839782714844,
            "1_zip": 0.001619100570678711,
            "2_aggregate_override": 0.0032231807708740234,
            "3_chunk": 0.6648640632629395,
            "4_select": 0.003522157669067383,
            "5_unroll": 0.004312992095947266,
            "6_rename": 0.00203704833984375,
            "7_genid": 0.005061149597167969,
            "8_unzip": 0.002752065658569336,
            "9_copy": 0.001977205276489258,
            "10_filter": 0.0077550411224365234
        },
        "create_base_extracted_entities": {
            "overall": 15.035304069519043,
            "0_entity_extract": 14.98063611984253,
            "1_merge_graphs": 0.052438974380493164
        },
        "create_summarized_entities": {
            "overall": 3.7088301181793213,
            "0_summarize_descriptions": 3.7064719200134277
        },
        "create_base_entity_graph": {
            "overall": 0.0793771743774414,
            "0_cluster_graph": 0.0736539363861084,
            "1_select": 0.0029840469360351562
        },
        "create_final_entities": {
            "overall": 1.4986538887023926,
            "0_unpack_graph": 0.028681278228759766,
            "1_rename": 0.0033066272735595703,
            "2_select": 0.003574848175048828,
            "3_dedupe": 0.0041120052337646484,
            "4_rename": 0.00446009635925293,
            "5_filter": 0.010204076766967773,
            "6_text_split": 0.006478786468505859,
            "7_drop": 0.0046100616455078125,
            "8_merge": 0.03212118148803711,
            "9_text_embed": 1.3774712085723877,
            "10_drop": 0.006451129913330078,
            "11_filter": 0.014094114303588867
        },
        "create_final_nodes": {
            "overall": 0.29287195205688477,
            "0_layout_graph": 0.16120219230651855,
            "1_unpack_graph": 0.03147315979003906,
            "2_unpack_graph": 0.03102898597717285,
            "3_filter": 0.015547037124633789,
            "4_drop": 0.004870176315307617,
            "5_select": 0.004759073257446289,
            "6_rename": 0.005018949508666992,
            "7_join": 0.009594202041625977,
            "8_convert": 0.019305944442749023,
            "9_rename": 0.005652189254760742
        },
        "create_final_communities": {
            "overall": 0.21849322319030762,
            "0_unpack_graph": 0.029223918914794922,
            "1_unpack_graph": 0.02963995933532715,
            "2_aggregate_override": 0.008813142776489258,
            "3_join": 0.009541034698486328,
            "4_join": 0.010952949523925781,
            "5_concat": 0.006596803665161133,
            "6_filter": 0.04697585105895996,
            "7_aggregate_override": 0.008830070495605469,
            "8_join": 0.008629083633422852,
            "9_filter": 0.015008211135864258,
            "10_fill": 0.006825923919677734,
            "11_merge": 0.01048135757446289,
            "12_copy": 0.007451057434082031,
            "13_select": 0.01407313346862793
        },
        "join_text_units_to_entity_ids": {
            "overall": 0.03158092498779297,
            "0_select": 0.006895780563354492,
            "1_unroll": 0.007803201675415039,
            "2_aggregate_override": 0.010064125061035156
        },
        "create_final_relationships": {
            "overall": 0.13235187530517578,
            "0_unpack_graph": 0.03128814697265625,
            "1_filter": 0.021357059478759766,
            "2_rename": 0.008237838745117188,
            "3_filter": 0.020450830459594727,
            "4_drop": 0.008389949798583984,
            "5_compute_edge_combined_degree": 0.010153055191040039,
            "6_convert": 0.01679682731628418,
            "7_convert": 0.008430957794189453
        },
        "join_text_units_to_relationship_ids": {
            "overall": 0.04682207107543945,
            "0_select": 0.008419036865234375,
            "1_unroll": 0.009327173233032227,
            "2_aggregate_override": 0.011298179626464844,
            "3_select": 0.00975489616394043
        }
    }
}