{
    "total_runtime": 64.21360397338867,
    "num_documents": 42,
    "input_load_time": 0,
    "workflows": {
        "create_base_text_units": {
            "overall": 0.1629929542541504,
            "0_orderby": 0.002935647964477539,
            "1_zip": 0.001672983169555664,
            "2_aggregate_override": 0.0035011768341064453,
            "3_chunk": 0.12468719482421875,
            "4_select": 0.002382993698120117,
            "5_unroll": 0.003777742385864258,
            "6_rename": 0.002054929733276367,
            "7_genid": 0.0039522647857666016,
            "8_unzip": 0.0024077892303466797,
            "9_copy": 0.0018608570098876953,
            "10_filter": 0.012753009796142578
        },
        "create_base_extracted_entities": {
            "overall": 50.875163078308105,
            "0_entity_extract": 50.81934595108032,
            "1_merge_graphs": 0.05343174934387207
        },
        "create_summarized_entities": {
            "overall": 11.333333969116211,
            "0_summarize_descriptions": 11.330869913101196
        },
        "create_base_entity_graph": {
            "overall": 0.09341311454772949,
            "0_cluster_graph": 0.08800578117370605,
            "1_select": 0.002947092056274414
        },
        "create_final_entities": {
            "overall": 1.30964994430542,
            "0_unpack_graph": 0.031202077865600586,
            "1_rename": 0.0032892227172851562,
            "2_select": 0.0032570362091064453,
            "3_dedupe": 0.005066871643066406,
            "4_rename": 0.0037078857421875,
            "5_filter": 0.011283159255981445,
            "6_text_split": 0.007886648178100586,
            "7_drop": 0.004422187805175781,
            "8_merge": 0.04023289680480957,
            "9_text_embed": 1.1789896488189697,
            "10_drop": 0.004711151123046875,
            "11_filter": 0.012625932693481445
        }
    }
}