{
    "total_runtime": 63.53114199638367,
    "num_documents": 42,
    "input_load_time": 0,
    "workflows": {
        "create_base_text_units": {
            "overall": 0.15338802337646484,
            "0_orderby": 0.0012259483337402344,
            "1_zip": 0.0011968612670898438,
            "2_aggregate_override": 0.002140045166015625,
            "3_chunk": 0.12736797332763672,
            "4_select": 0.0016999244689941406,
            "5_unroll": 0.0019221305847167969,
            "6_rename": 0.001569986343383789,
            "7_genid": 0.0039370059967041016,
            "8_unzip": 0.0021440982818603516,
            "9_copy": 0.0018186569213867188,
            "10_filter": 0.007391929626464844
        },
        "create_base_extracted_entities": {
            "overall": 0.15913796424865723,
            "0_entity_extract": 0.11319303512573242,
            "1_merge_graphs": 0.043779850006103516
        },
        "create_summarized_entities": {
            "overall": 2.651236057281494,
            "0_summarize_descriptions": 2.648798942565918
        },
        "create_base_entity_graph": {
            "overall": 0.07680416107177734,
            "0_cluster_graph": 0.07104110717773438,
            "1_select": 0.0030059814453125
        },
        "create_final_entities": {
            "overall": 0.9003479480743408,
            "0_unpack_graph": 0.02436089515686035,
            "1_rename": 0.003300189971923828,
            "2_select": 0.003177165985107422,
            "3_dedupe": 0.0037050247192382812,
            "4_rename": 0.003367900848388672,
            "5_filter": 0.009699106216430664,
            "6_text_split": 0.005630970001220703,
            "7_drop": 0.003936052322387695,
            "8_merge": 0.025460004806518555,
            "9_text_embed": 0.796842098236084,
            "10_drop": 0.005217075347900391,
            "11_filter": 0.012681961059570312
        },
        "create_final_nodes": {
            "overall": 0.2785179615020752,
            "0_layout_graph": 0.09023213386535645,
            "1_unpack_graph": 0.08846592903137207,
            "2_unpack_graph": 0.030014991760253906,
            "3_filter": 0.014855146408081055,
            "4_drop": 0.005656242370605469,
            "5_select": 0.004926919937133789,
            "6_rename": 0.0052738189697265625,
            "7_join": 0.009233713150024414,
            "8_convert": 0.019531965255737305,
            "9_rename": 0.005982160568237305
        },
        "create_final_communities": {
            "overall": 0.20964789390563965,
            "0_unpack_graph": 0.027881383895874023,
            "1_unpack_graph": 0.028599023818969727,
            "2_aggregate_override": 0.009349822998046875,
            "3_join": 0.010011911392211914,
            "4_join": 0.010220050811767578,
            "5_concat": 0.0065348148345947266,
            "6_filter": 0.0474088191986084,
            "7_aggregate_override": 0.008910655975341797,
            "8_join": 0.008275985717773438,
            "9_filter": 0.015437126159667969,
            "10_fill": 0.00721287727355957,
            "11_merge": 0.009811878204345703,
            "12_copy": 0.007146120071411133,
            "13_select": 0.007228851318359375
        },
        "join_text_units_to_entity_ids": {
            "overall": 0.031633853912353516,
            "0_select": 0.0072247982025146484,
            "1_unroll": 0.008076906204223633,
            "2_aggregate_override": 0.009360074996948242
        },
        "create_final_relationships": {
            "overall": 0.15466070175170898,
            "0_unpack_graph": 0.030751705169677734,
            "1_filter": 0.0208280086517334,
            "2_rename": 0.008188962936401367,
            "3_filter": 0.0255889892578125,
            "4_drop": 0.025346994400024414,
            "5_compute_edge_combined_degree": 0.01046609878540039,
            "6_convert": 0.016912221908569336,
            "7_convert": 0.009292125701904297
        },
        "join_text_units_to_relationship_ids": {
            "overall": 0.04630708694458008,
            "0_select": 0.00869297981262207,
            "1_unroll": 0.009236812591552734,
            "2_aggregate_override": 0.010851860046386719,
            "3_select": 0.009015798568725586
        },
        "create_final_community_reports": {
            "overall": 57.21367692947388,
            "0_prepare_community_reports_nodes": 0.014317035675048828,
            "1_prepare_community_reports_edges": 0.01191401481628418,
            "2_restore_community_hierarchy": 0.01246786117553711,
            "3_prepare_community_reports": 0.09040498733520508,
            "4_create_community_reports": 57.05991816520691,
            "5_window": 0.015487194061279297
        },
        "create_final_text_units": {
            "overall": 0.0896751880645752,
            "0_select": 0.011008024215698242,
            "1_rename": 0.01094198226928711,
            "2_join": 0.017937183380126953,
            "3_join": 0.01448822021484375,
            "4_aggregate_override": 0.013580083847045898,
            "5_select": 0.011820793151855469
        },
        "create_base_documents": {
            "overall": 0.1542661190032959,
            "0_unroll": 0.012547016143798828,
            "1_select": 0.01380300521850586,
            "2_rename": 0.013050317764282227,
            "3_join": 0.017137765884399414,
            "4_aggregate_override": 0.013195991516113281,
            "5_join": 0.016360998153686523,
            "6_rename": 0.016288042068481445,
            "7_convert": 0.04032111167907715
        },
        "create_final_documents": {
            "overall": 0.0249478816986084,
            "0_rename": 0.013257980346679688
        }
    }
}