{
    "total_runtime": 23.297229051589966,
    "num_documents": 1,
    "input_load_time": 0,
    "workflows": {
        "create_base_text_units": {
            "overall": 0.13539981842041016,
            "0_orderby": 0.002298116683959961,
            "1_zip": 0.0013980865478515625,
            "2_aggregate_override": 0.0032758712768554688,
            "3_chunk": 0.1050870418548584,
            "4_select": 0.0021719932556152344,
            "5_unroll": 0.003548860549926758,
            "6_rename": 0.0018432140350341797,
            "7_genid": 0.0028629302978515625,
            "8_unzip": 0.0023038387298583984,
            "9_copy": 0.0019190311431884766,
            "10_filter": 0.007693052291870117
        },
        "create_base_extracted_entities": {
            "overall": 0.05928921699523926,
            "0_entity_extract": 0.04539012908935547,
            "1_merge_graphs": 0.011647939682006836
        },
        "create_summarized_entities": {
            "overall": 1.1307237148284912,
            "0_summarize_descriptions": 1.128316879272461
        },
        "create_base_entity_graph": {
            "overall": 0.025474071502685547,
            "0_cluster_graph": 0.01996302604675293,
            "1_select": 0.002939939498901367
        },
        "create_final_entities": {
            "overall": 0.5487439632415771,
            "0_unpack_graph": 0.007447004318237305,
            "1_rename": 0.0033130645751953125,
            "2_select": 0.0031630992889404297,
            "3_dedupe": 0.004346132278442383,
            "4_rename": 0.0033490657806396484,
            "5_filter": 0.010220766067504883,
            "6_text_split": 0.0047113895416259766,
            "7_drop": 0.004441976547241211,
            "8_merge": 0.011148929595947266,
            "9_text_embed": 0.4781219959259033,
            "10_drop": 0.0043468475341796875,
            "11_filter": 0.01116490364074707
        },
        "create_final_nodes": {
            "overall": 0.11011528968811035,
            "0_layout_graph": 0.024658918380737305,
            "1_unpack_graph": 0.009668111801147461,
            "2_unpack_graph": 0.009756088256835938,
            "3_filter": 0.01130986213684082,
            "4_drop": 0.005245208740234375,
            "5_select": 0.005372285842895508,
            "6_rename": 0.005399227142333984,
            "7_convert": 0.019283056259155273,
            "8_join": 0.009217977523803711,
            "9_rename": 0.005937099456787109
        },
        "create_final_communities": {
            "overall": 0.14197492599487305,
            "0_unpack_graph": 0.010457277297973633,
            "1_unpack_graph": 0.010729312896728516,
            "2_aggregate_override": 0.009525060653686523,
            "3_join": 0.008938074111938477,
            "4_join": 0.008676767349243164,
            "5_concat": 0.006407022476196289,
            "6_filter": 0.01865077018737793,
            "7_aggregate_override": 0.008610963821411133,
            "8_join": 0.008608818054199219,
            "9_filter": 0.015245199203491211,
            "10_fill": 0.00718379020690918,
            "11_merge": 0.008858919143676758,
            "12_copy": 0.007353067398071289,
            "13_select": 0.007291078567504883
        },
        "join_text_units_to_entity_ids": {
            "overall": 0.031038999557495117,
            "0_select": 0.00692296028137207,
            "1_unroll": 0.007900238037109375,
            "2_aggregate_override": 0.009334087371826172
        },
        "create_final_relationships": {
            "overall": 0.11565113067626953,
            "0_unpack_graph": 0.01181793212890625,
            "1_filter": 0.017199039459228516,
            "2_rename": 0.008077859878540039,
            "3_filter": 0.017655134201049805,
            "4_drop": 0.008675813674926758,
            "5_compute_edge_combined_degree": 0.018851041793823242,
            "6_convert": 0.017506122589111328,
            "7_convert": 0.008526086807250977
        },
        "join_text_units_to_relationship_ids": {
            "overall": 0.04422593116760254,
            "0_select": 0.00831294059753418,
            "1_unroll": 0.008856058120727539,
            "2_aggregate_override": 0.009797096252441406,
            "3_select": 0.009042024612426758
        },
        "create_final_community_reports": {
            "overall": 19.489705085754395,
            "0_prepare_community_reports_nodes": 0.010211944580078125,
            "1_prepare_community_reports_edges": 0.009942054748535156,
            "2_restore_community_hierarchy": 0.010917901992797852,
            "3_prepare_community_reports": 0.04639124870300293,
            "4_create_community_reports": 19.388007164001465,
            "5_window": 0.015455961227416992
        },
        "create_final_text_units": {
            "overall": 0.07282400131225586,
            "0_select": 0.009482860565185547,
            "1_rename": 0.009838104248046875,
            "2_join": 0.011712074279785156,
            "3_join": 0.011337995529174805,
            "4_aggregate_override": 0.011368989944458008,
            "5_select": 0.009753942489624023
        },
        "create_base_documents": {
            "overall": 0.11031389236450195,
            "0_unroll": 0.01074528694152832,
            "1_select": 0.010658025741577148,
            "2_rename": 0.010243892669677734,
            "3_join": 0.012537240982055664,
            "4_aggregate_override": 0.010970115661621094,
            "5_join": 0.012888193130493164,
            "6_rename": 0.010724782943725586,
            "7_convert": 0.021528959274291992
        },
        "create_final_documents": {
            "overall": 0.021827220916748047,
            "0_rename": 0.010953903198242188
        }
    }
}