{
    "total_runtime": 61.70044708251953,
    "num_documents": 42,
    "input_load_time": 0,
    "workflows": {
        "create_base_text_units": {
            "overall": 0.16343283653259277,
            "0_orderby": 0.0040531158447265625,
            "1_zip": 0.001730203628540039,
            "2_aggregate_override": 0.004044055938720703,
            "3_chunk": 0.12763595581054688,
            "4_select": 0.0028579235076904297,
            "5_unroll": 0.004099130630493164,
            "6_rename": 0.001920938491821289,
            "7_genid": 0.004244327545166016,
            "8_unzip": 0.002434968948364258,
            "9_copy": 0.0017631053924560547,
            "10_filter": 0.007622241973876953
        },
        "create_base_extracted_entities": {
            "overall": 25.905757188796997,
            "0_entity_extract": 25.860421895980835,
            "1_merge_graphs": 0.042884111404418945
        },
        "create_summarized_entities": {
            "overall": 5.29308295249939,
            "0_summarize_descriptions": 5.290428876876831
        },
        "create_base_entity_graph": {
            "overall": 0.05985403060913086,
            "0_cluster_graph": 0.053820133209228516,
            "1_select": 0.0031957626342773438
        },
        "create_final_entities": {
            "overall": 2.0119049549102783,
            "0_unpack_graph": 0.019552946090698242,
            "1_rename": 0.0035130977630615234,
            "2_select": 0.0033059120178222656,
            "3_dedupe": 0.0050389766693115234,
            "4_rename": 0.0039632320404052734,
            "5_filter": 0.01200103759765625,
            "6_text_split": 0.011388778686523438,
            "7_drop": 0.004667997360229492,
            "8_merge": 0.032598018646240234,
            "9_text_embed": 1.8965189456939697,
            "10_drop": 0.004509925842285156,
            "11_filter": 0.011713027954101562
        },
        "create_final_nodes": {
            "overall": 0.3197190761566162,
            "0_layout_graph": 0.07509303092956543,
            "1_unpack_graph": 0.02300119400024414,
            "2_unpack_graph": 0.11251688003540039,
            "3_drop": 0.0072557926177978516,
            "4_filter": 0.030634164810180664,
            "5_select": 0.009723901748657227,
            "6_rename": 0.0063838958740234375,
            "7_join": 0.01242375373840332,
            "8_convert": 0.03125500679016113,
            "9_rename": 0.0066869258880615234
        },
        "create_final_communities": {
            "overall": 0.23720312118530273,
            "0_unpack_graph": 0.042594194412231445,
            "1_unpack_graph": 0.025256872177124023,
            "2_aggregate_override": 0.009287834167480469,
            "3_join": 0.010658979415893555,
            "4_join": 0.010097026824951172,
            "5_concat": 0.0074999332427978516,
            "6_filter": 0.03808307647705078,
            "7_aggregate_override": 0.00980997085571289,
            "8_join": 0.009842872619628906,
            "9_filter": 0.019776105880737305,
            "10_fill": 0.008539199829101562,
            "11_merge": 0.010009050369262695,
            "12_copy": 0.012243986129760742,
            "13_select": 0.017162084579467773
        },
        "join_text_units_to_entity_ids": {
            "overall": 0.03379082679748535,
            "0_select": 0.008075952529907227,
            "1_unroll": 0.008550882339477539,
            "2_aggregate_override": 0.009673833847045898
        },
        "create_final_relationships": {
            "overall": 0.1340160369873047,
            "0_unpack_graph": 0.02548694610595703,
            "1_filter": 0.021110057830810547,
            "2_rename": 0.00923609733581543,
            "3_filter": 0.020769119262695312,
            "4_drop": 0.009221076965332031,
            "5_compute_edge_combined_degree": 0.012089967727661133,
            "6_convert": 0.019088029861450195,
            "7_convert": 0.00923299789428711
        },
        "join_text_units_to_relationship_ids": {
            "overall": 0.05544114112854004,
            "0_select": 0.008987903594970703,
            "1_unroll": 0.011847257614135742,
            "2_aggregate_override": 0.014369964599609375,
            "3_select": 0.011911153793334961
        },
        "create_final_community_reports": {
            "overall": 25.60608720779419,
            "0_prepare_community_reports_nodes": 0.014233827590942383,
            "1_prepare_community_reports_edges": 0.011456012725830078,
            "2_restore_community_hierarchy": 0.011652708053588867,
            "3_prepare_community_reports": 0.05781722068786621,
            "4_create_community_reports": 25.48716711997986,
            "5_window": 0.013993024826049805
        },
        "create_final_text_units": {
            "overall": 0.08938908576965332,
            "0_select": 0.010432004928588867,
            "1_rename": 0.010807991027832031,
            "2_join": 0.016039133071899414,
            "3_join": 0.013097047805786133,
            "4_aggregate_override": 0.014941930770874023,
            "5_select": 0.013375997543334961
        },
        "create_base_documents": {
            "overall": 0.13417816162109375,
            "0_unroll": 0.011717796325683594,
            "1_select": 0.011902093887329102,
            "2_rename": 0.011376142501831055,
            "3_join": 0.01306605339050293,
            "4_aggregate_override": 0.012536048889160156,
            "5_join": 0.014178991317749023,
            "6_rename": 0.012176990509033203,
            "7_convert": 0.03675222396850586
        },
        "create_final_documents": {
            "overall": 0.023390769958496094,
            "0_rename": 0.011956930160522461
        }
    }
}